/news.html /news 301
/news/ /news 301
/matrix.html /matrix 301
/matrix/ /matrix 301
/package1.html /package1 301
/package1/ /package1 301
/package2.html /package2 301
/package2/ /package2 301
/package3.html /package3 301
/package3/ /package3 301
/package4.html /package4 301
/package4/ /package4 301
/about.html /about 301
/about/ /about 301
/commercial-delivery-governance.html /commercial-delivery-governance 301
/commercial-delivery-governance/ /commercial-delivery-governance 301
/offer-risk-structuring.html /offer-risk-structuring 301
/offer-risk-structuring/ /offer-risk-structuring 301
/delivery-stabilization.html /delivery-stabilization 301
/delivery-stabilization/ /delivery-stabilization 301
/operational-due-diligence.html /operational-due-diligence 301
/operational-due-diligence/ /operational-due-diligence 301
